family,tier,contract_present,public_file_present,private_file_present,public_scenarios,private_scenarios,scoring_scenarios,probe_scenarios,total_scenarios
stayflow_concierge,A,true,true,true,5,18,23,0,23
stayflow_concierge,B,true,true,true,10,19,29,0,29
stayflow_concierge,C,true,true,true,10,15,25,0,25
stayflow_concierge,D,true,true,true,11,17,28,0,28
freshcart_market,A,true,true,true,5,19,24,0,24
freshcart_market,B,true,true,true,5,24,29,0,29
freshcart_market,C,true,true,true,7,24,31,0,31
freshcart_market,D,true,true,true,8,26,34,0,34
clinic_shift_command,A,false,false,false,0,0,0,0,0
clinic_shift_command,B,true,true,true,9,24,33,0,33
clinic_shift_command,C,true,true,true,15,37,52,0,52
clinic_shift_command,D,true,true,true,16,39,55,0,55
campus_registrar_command,A,true,true,true,14,10,24,0,24
campus_registrar_command,B,true,true,false,12,0,12,0,12
campus_registrar_command,C,true,true,true,12,17,29,0,29
campus_registrar_command,D,true,true,true,14,20,34,0,34
media_campaign_launch_desk,A,true,true,true,14,10,24,0,24
media_campaign_launch_desk,B,true,true,false,12,0,12,0,12
media_campaign_launch_desk,C,true,true,true,24,20,44,0,44
media_campaign_launch_desk,D,true,true,true,20,28,48,0,48
homefix_hub,A,true,true,true,14,10,24,0,24
homefix_hub,B,true,true,true,16,13,29,0,29
homefix_hub,C,true,true,true,17,32,49,0,49
homefix_hub,D,true,true,true,18,46,64,0,64
