family,family_label,round,expected_runs,full_pass_count,strict_full_pass_rate,strict_S_scen,strict_S_step
freshcart_market,FreshCart Market,@1,360,20,0.05555555555555555,0.27604143189842983,0.3861785813137046
freshcart_market,FreshCart Market,@2,360,35,0.09722222222222222,0.3506746633272021,0.4588284904129298
freshcart_market,FreshCart Market,@3,360,52,0.14444444444444443,0.37005497817715644,0.47333772146761494
homefix_hub,HomeFix Hub,@1,360,19,0.05277777777777778,0.3539667064143665,0.47334364749150754
homefix_hub,HomeFix Hub,@2,360,44,0.12222222222222222,0.4415027888550056,0.5508906224788902
homefix_hub,HomeFix Hub,@3,360,70,0.19444444444444445,0.47065970185967104,0.5669714130652115
stayflow_concierge,StayFlow Concierge,@1,360,9,0.025,0.30399369957878203,0.44973416813280986
stayflow_concierge,StayFlow Concierge,@2,360,26,0.07222222222222222,0.3389901775302825,0.4768333018041519
stayflow_concierge,StayFlow Concierge,@3,360,39,0.10833333333333334,0.3784918552628448,0.5121660186032795
clinic_shift_command,Clinic Shift Command,@1,360,48,0.13333333333333333,0.40312001002218395,0.48258147705374
clinic_shift_command,Clinic Shift Command,@2,360,62,0.17222222222222222,0.46057802101280365,0.5339128690889788
clinic_shift_command,Clinic Shift Command,@3,360,68,0.18888888888888888,0.49783941702419965,0.5784590764998837
campus_registrar_command,Campus Registrar Command,@1,360,70,0.19444444444444445,0.43423719104500036,0.5251371495125272
campus_registrar_command,Campus Registrar Command,@2,360,113,0.3138888888888889,0.5044901772969724,0.5880585957644342
campus_registrar_command,Campus Registrar Command,@3,360,132,0.36666666666666664,0.5574637517842386,0.6370460082152537
media_campaign_launch_desk,Media Campaign Launch Desk,@1,360,83,0.23055555555555557,0.4512310606060606,0.5429760949844148
media_campaign_launch_desk,Media Campaign Launch Desk,@2,360,126,0.35,0.5440603956228957,0.6163123219065069
media_campaign_launch_desk,Media Campaign Launch Desk,@3,360,144,0.4,0.6141098484848484,0.6865759108634636
