family,family_label,tier,round,expected_runs,full_pass_count,strict_full_pass_rate,strict_S_scen,strict_S_step
freshcart_market,FreshCart Market,A,@1,90,12,0.13333333333333333,0.41481481481481486,0.5017366802840469
freshcart_market,FreshCart Market,A,@2,90,16,0.17777777777777778,0.5212962962962963,0.611670287193258
freshcart_market,FreshCart Market,A,@3,90,19,0.2111111111111111,0.5731481481481482,0.6627193779203013
freshcart_market,FreshCart Market,B,@1,90,3,0.03333333333333333,0.2164750957854406,0.34746055579388907
freshcart_market,FreshCart Market,B,@2,90,7,0.07777777777777778,0.3164750957854406,0.4311709870043203
freshcart_market,FreshCart Market,B,@3,90,10,0.1111111111111111,0.33869731800766284,0.45059965809965813
freshcart_market,FreshCart Market,C,@1,90,4,0.044444444444444446,0.24444444444444444,0.36455223352339045
freshcart_market,FreshCart Market,C,@2,90,9,0.1,0.3025089605734767,0.41938828230132347
freshcart_market,FreshCart Market,C,@3,90,14,0.15555555555555556,0.2860215053763441,0.3905112250874416
freshcart_market,FreshCart Market,D,@1,90,1,0.011111111111111112,0.2284313725490196,0.33096485565349193
freshcart_market,FreshCart Market,D,@2,90,3,0.03333333333333333,0.2624183006535948,0.3730844051528176
freshcart_market,FreshCart Market,D,@3,90,9,0.1,0.2823529411764706,0.38952062476305876
homefix_hub,HomeFix Hub,A,@1,90,11,0.12222222222222222,0.41018518518518515,0.5391154694788416
homefix_hub,HomeFix Hub,A,@2,90,21,0.23333333333333334,0.47731481481481486,0.5725113538485631
homefix_hub,HomeFix Hub,A,@3,90,30,0.3333333333333333,0.5115740740740741,0.5941503210398559
homefix_hub,HomeFix Hub,B,@1,90,6,0.06666666666666667,0.38773946360153255,0.49407413849378135
homefix_hub,HomeFix Hub,B,@2,90,15,0.16666666666666666,0.4934865900383142,0.604191124682196
homefix_hub,HomeFix Hub,B,@3,90,26,0.28888888888888886,0.5425287356321838,0.638475208791429
homefix_hub,HomeFix Hub,C,@1,90,2,0.022222222222222223,0.3832199546485261,0.4774660136235581
homefix_hub,HomeFix Hub,C,@2,90,7,0.07777777777777778,0.47437641723356005,0.5610340860450229
homefix_hub,HomeFix Hub,C,@3,90,11,0.12222222222222222,0.4802721088435374,0.5467845350302425
homefix_hub,HomeFix Hub,D,@1,90,0,0.0,0.23472222222222222,0.3827189683698491
homefix_hub,HomeFix Hub,D,@2,90,1,0.011111111111111112,0.32083333333333336,0.4658259253397787
homefix_hub,HomeFix Hub,D,@3,90,3,0.03333333333333333,0.3482638888888889,0.48847558739931835
stayflow_concierge,StayFlow Concierge,A,@1,90,2,0.022222222222222223,0.36425120772946856,0.5016220437304775
stayflow_concierge,StayFlow Concierge,A,@2,90,5,0.05555555555555555,0.41207729468599036,0.5440142580905634
stayflow_concierge,StayFlow Concierge,A,@3,90,7,0.07777777777777778,0.4821256038647343,0.6124556957990693
stayflow_concierge,StayFlow Concierge,B,@1,90,2,0.022222222222222223,0.3766283524904214,0.5289615342923955
stayflow_concierge,StayFlow Concierge,B,@2,90,9,0.1,0.42681992337164754,0.5694833467377327
stayflow_concierge,StayFlow Concierge,B,@3,90,13,0.14444444444444443,0.4417624521072797,0.5617956204791134
stayflow_concierge,StayFlow Concierge,C,@1,90,1,0.011111111111111112,0.22311111111111112,0.40240922611865104
stayflow_concierge,StayFlow Concierge,C,@2,90,5,0.05555555555555555,0.26666666666666666,0.4185650276153242
stayflow_concierge,StayFlow Concierge,C,@3,90,7,0.07777777777777778,0.2777777777777778,0.44399477249802677
stayflow_concierge,StayFlow Concierge,D,@1,90,4,0.044444444444444446,0.25198412698412703,0.3659438683897156
stayflow_concierge,StayFlow Concierge,D,@2,90,7,0.07777777777777778,0.2503968253968254,0.3752705747729875
stayflow_concierge,StayFlow Concierge,D,@3,90,12,0.13333333333333333,0.3123015873015873,0.43041798563690875
clinic_shift_command,Clinic Shift Command,A,@1,90,24,0.26666666666666666,0.5009661835748792,0.5956331168831168
clinic_shift_command,Clinic Shift Command,A,@2,90,31,0.34444444444444444,0.5932367149758454,0.6849898420293157
clinic_shift_command,Clinic Shift Command,A,@3,90,34,0.37777777777777777,0.6265700483091787,0.7180537043365991
clinic_shift_command,Clinic Shift Command,B,@1,90,14,0.15555555555555556,0.4922558922558923,0.5815342822161004
clinic_shift_command,Clinic Shift Command,B,@2,90,20,0.2222222222222222,0.497979797979798,0.5803523875114784
clinic_shift_command,Clinic Shift Command,B,@3,90,23,0.25555555555555554,0.52996632996633,0.6295819121955486
clinic_shift_command,Clinic Shift Command,C,@1,90,8,0.08888888888888889,0.30491452991452994,0.37813473667215586
clinic_shift_command,Clinic Shift Command,C,@2,90,8,0.08888888888888889,0.37008547008547005,0.4341668338070256
clinic_shift_command,Clinic Shift Command,C,@3,90,8,0.08888888888888889,0.430982905982906,0.5150607693328144
clinic_shift_command,Clinic Shift Command,D,@1,90,2,0.022222222222222223,0.31434343434343437,0.3750237724435868
clinic_shift_command,Clinic Shift Command,D,@2,90,3,0.03333333333333333,0.38101010101010097,0.43614241300809553
clinic_shift_command,Clinic Shift Command,D,@3,90,3,0.03333333333333333,0.40383838383838383,0.45113992013457305
campus_registrar_command,Campus Registrar Command,A,@1,90,28,0.3111111111111111,0.5,0.5947738725119678
campus_registrar_command,Campus Registrar Command,A,@2,90,46,0.5111111111111111,0.6842592592592592,0.7544315318720081
campus_registrar_command,Campus Registrar Command,A,@3,90,53,0.5888888888888889,0.7481481481481481,0.8128958805744521
campus_registrar_command,Campus Registrar Command,B,@1,90,31,0.34444444444444444,0.5101851851851852,0.6053243207409874
campus_registrar_command,Campus Registrar Command,B,@2,90,47,0.5222222222222223,0.587037037037037,0.6686380440547107
campus_registrar_command,Campus Registrar Command,B,@3,90,53,0.5888888888888889,0.6425925925925926,0.711928071928072
campus_registrar_command,Campus Registrar Command,C,@1,90,8,0.08888888888888889,0.3486590038314176,0.43135083574653516
campus_registrar_command,Campus Registrar Command,C,@2,90,13,0.14444444444444443,0.4084291187739464,0.49532669612642344
campus_registrar_command,Campus Registrar Command,C,@3,90,15,0.16666666666666666,0.4793103448275862,0.5699802920583289
campus_registrar_command,Campus Registrar Command,D,@1,90,3,0.03333333333333333,0.37810457516339874,0.46909956905061856
campus_registrar_command,Campus Registrar Command,D,@2,90,7,0.07777777777777778,0.3382352941176471,0.43383811100459485
campus_registrar_command,Campus Registrar Command,D,@3,90,11,0.12222222222222222,0.35980392156862745,0.45337978830016207
media_campaign_launch_desk,Media Campaign Launch Desk,A,@1,90,38,0.4222222222222222,0.5712962962962963,0.6419499647178218
media_campaign_launch_desk,Media Campaign Launch Desk,A,@2,90,50,0.5555555555555556,0.675,0.7484216555049888
media_campaign_launch_desk,Media Campaign Launch Desk,A,@3,90,57,0.6333333333333333,0.7273148148148147,0.7935708030946126
media_campaign_launch_desk,Media Campaign Launch Desk,B,@1,90,30,0.3333333333333333,0.4157407407407407,0.5126116984954414
media_campaign_launch_desk,Media Campaign Launch Desk,B,@2,90,42,0.4666666666666667,0.5388888888888889,0.6022786011160303
media_campaign_launch_desk,Media Campaign Launch Desk,B,@3,90,50,0.5555555555555556,0.6055555555555555,0.6641248064404964
media_campaign_launch_desk,Media Campaign Launch Desk,C,@1,90,15,0.16666666666666666,0.4618686868686869,0.5565464111570554
media_campaign_launch_desk,Media Campaign Launch Desk,C,@2,90,34,0.37777777777777777,0.5371212121212121,0.5901822343752317
media_campaign_launch_desk,Media Campaign Launch Desk,C,@3,90,37,0.4111111111111111,0.6050505050505051,0.6717015287596521
media_campaign_launch_desk,Media Campaign Launch Desk,D,@1,90,0,0.0,0.3560185185185185,0.4607963055673406
media_campaign_launch_desk,Media Campaign Launch Desk,D,@2,90,0,0.0,0.4252314814814815,0.5243667966297768
media_campaign_launch_desk,Media Campaign Launch Desk,D,@3,90,0,0.0,0.5185185185185185,0.6169065051590933
