tier,model_group,model_group_label,round,expected_runs,full_pass_count,strict_full_pass_rate,strict_S_scen,strict_S_step
A,M,Mini,@1,180,4,0.022222222222222223,0.17257447665056358,0.31719131844228865
A,M,Mini,@2,180,12,0.06666666666666667,0.3476549919484702,0.5319331164036549
A,M,Mini,@3,180,21,0.11666666666666667,0.40876610305958133,0.5963382246369315
B,M,Mini,@1,180,3,0.016666666666666666,0.13631284105422037,0.2739075450693513
B,M,Mini,@2,180,13,0.07222222222222222,0.2570866713108092,0.4414080807640986
B,M,Mini,@3,180,19,0.10555555555555556,0.33962614652269824,0.5288147436234585
C,M,Mini,@1,180,1,0.005555555555555556,0.07195576889872138,0.17310942726683345
C,M,Mini,@2,180,7,0.03888888888888889,0.1700699115757911,0.3192728736683221
C,M,Mini,@3,180,7,0.03888888888888889,0.22514781953396287,0.38624654615016885
D,M,Mini,@1,180,0,0.0,0.08997978294853295,0.20063127669931063
D,M,Mini,@2,180,0,0.0,0.13742107259570496,0.30193170096996697
D,M,Mini,@3,180,0,0.0,0.17116269929689049,0.3362494894240609
A,T,Turbo,@1,180,34,0.18888888888888888,0.41705917874396137,0.5124358295417822
A,T,Turbo,@2,180,49,0.2722222222222222,0.45692431561996777,0.5125392271231614
A,T,Turbo,@3,180,54,0.3,0.5103059581320452,0.563334106323564
B,T,Turbo,@1,180,21,0.11666666666666667,0.3359006734006734,0.4491036101824053
B,T,Turbo,@2,180,39,0.21666666666666667,0.3552725531173807,0.42506435578700835
B,T,Turbo,@3,180,51,0.2833333333333333,0.3676985370950888,0.42656681174959343
C,T,Turbo,@1,180,6,0.03333333333333333,0.30441051285878873,0.4183560811959952
C,T,Turbo,@2,180,13,0.07222222222222222,0.27038648496832196,0.33282489963990947
C,T,Turbo,@3,180,18,0.1,0.3042939769942789,0.3740434247253764
D,T,Turbo,@1,180,5,0.027777777777777776,0.26505067746795685,0.35128333449040194
D,T,Turbo,@2,180,6,0.03333333333333333,0.25207011908298677,0.3173738813899588
D,T,Turbo,@3,180,8,0.044444444444444446,0.27591953763828764,0.34622262184234126
A,F,Frontier,@1,180,77,0.42777777777777776,0.7911231884057971,0.8577884258190653
A,F,Frontier,@2,180,108,0.6,0.8770128824476651,0.9135471207425324
A,F,Frontier,@3,180,125,0.6944444444444444,0.9153683574879228,0.9372505604219497
B,F,Frontier,@1,180,62,0.34444444444444444,0.7272988505747126,0.811972109764541
B,F,Frontier,@2,180,88,0.4888888888888889,0.8179844421223731,0.8615848090021274
B,F,Frontier,@3,180,105,0.5833333333333334,0.8432268083130152,0.8728710835941069
C,F,Frontier,@1,180,31,0.17222222222222222,0.606742583651848,0.7137642199578443
C,F,Frontier,@2,180,56,0.3111111111111111,0.739137526183053,0.8072338068269441
C,F,Frontier,@3,180,67,0.37222222222222223,0.7502657774010865,0.8087265905077078
D,F,Frontier,@1,180,5,0.027777777777777776,0.5267716644738704,0.6403590585475887
D,F,Frontier,@2,180,15,0.08333333333333333,0.5995714763177998,0.6849585305940996
D,F,Frontier,@3,180,30,0.16666666666666666,0.6654573837110602,0.7324480944301551
