tier,model_group,model_group_label,round,expected_runs,evaluated_runs,failed_runs,full_pass_count,strict_full_pass_rate,strict_S_scen,strict_S_step,evaluated_full_pass_rate,evaluated_only_S_scen,evaluated_only_S_step
A,M,Mini,@1,90,90,0,4,0.044444444444444446,0.19243156199677938,0.32406082071182324,0.044444444444444446,0.19243156199677938,0.32406082071182324
A,M,Mini,@2,90,89,1,10,0.1111111111111111,0.4033212560386473,0.5738919639953475,0.11235955056179775,0.4078529555446995,0.580340188309902
A,M,Mini,@3,90,89,1,17,0.18888888888888888,0.4884057971014492,0.6582861410148377,0.19101123595505617,0.4938935026868588,0.6656826145093865
B,M,Mini,@1,90,89,1,3,0.03333333333333333,0.15193602693602692,0.2857621356459931,0.033707865168539325,0.15364317330609464,0.2889729461588694
B,M,Mini,@2,90,89,1,13,0.14444444444444443,0.27432659932659936,0.44163587924521935,0.14606741573033707,0.2774089206673477,0.4465980801356151
B,M,Mini,@3,90,87,3,18,0.2,0.3420875420875421,0.5133394396826688,0.20689655172413793,0.3538836642284918,0.5310407996717263
C,M,Mini,@1,90,86,4,1,0.011111111111111112,0.0783002438174852,0.1687262304025497,0.011627906976744186,0.08194211562294963,0.1765739620491799
C,M,Mini,@2,90,82,8,7,0.07777777777777778,0.20791803981459153,0.3242884108521617,0.08536585365853659,0.2282027266257712,0.35592630459383606
C,M,Mini,@3,90,81,9,7,0.07777777777777778,0.26928971411730035,0.40445026345661567,0.08641975308641975,0.299210793463667,0.44938918161846186
D,M,Mini,@1,90,76,14,0,0.0,0.12660551594375125,0.237787891340658,0.0,0.14992758467023173,0.28159092395604235
D,M,Mini,@2,90,72,18,0,0.0,0.1691830065359477,0.3127218236728329,0.0,0.21147875816993464,0.3909022795910412
D,M,Mini,@3,90,69,21,0,0.0,0.1965431273519509,0.33022679590842774,0.0,0.256360600893849,0.43073060335881874
A,T,Turbo,@1,90,90,0,26,0.28888888888888886,0.5043478260869565,0.5926717330288759,0.28888888888888886,0.5043478260869565,0.5926717330288759
A,T,Turbo,@2,90,78,12,39,0.43333333333333335,0.5871376811594203,0.6341621920036707,0.5,0.6774665551839465,0.7317256061580816
A,T,Turbo,@3,90,79,11,42,0.4666666666666667,0.620390499194847,0.6680495174903069,0.5316455696202531,0.7067739864245093,0.7610690705585775
B,T,Turbo,@1,90,90,0,18,0.2,0.4273569023569023,0.5268729400925655,0.2,0.4273569023569023,0.5268729400925655
B,T,Turbo,@2,90,64,26,29,0.32222222222222224,0.39368686868686864,0.44543483075569057,0.453125,0.5536221590909091,0.6263927307501899
B,T,Turbo,@3,90,68,22,36,0.4,0.4537878787878788,0.5040278770655553,0.5294117647058824,0.6006016042780749,0.667095719645588
C,T,Turbo,@1,90,89,1,4,0.044444444444444446,0.33707499397154567,0.43181635960654413,0.0449438202247191,0.34086235345437205,0.4366682288156064
C,T,Turbo,@2,90,55,35,9,0.1,0.2538695978351151,0.2961903479429838,0.16363636363636364,0.41542297827564284,0.4846751148157917
C,T,Turbo,@3,90,64,25,12,0.13333333333333333,0.35511212925006025,0.4150745754913344,0.1875,0.49937643175789725,0.583698621784689
D,T,Turbo,@1,90,85,5,3,0.03333333333333333,0.3378409090909091,0.40816207960920237,0.03529411764705882,0.3577139037433155,0.4321716137038613
D,T,Turbo,@2,90,55,35,3,0.03333333333333333,0.2989421172509408,0.34442288705669727,0.05454545454545454,0.489178010046994,0.5636010879109592
D,T,Turbo,@3,90,60,30,3,0.03333333333333333,0.34242176668647256,0.39854048680869114,0.05,0.5136326500297088,0.5978107302130368
A,F,Frontier,@1,90,90,0,60,0.6666666666666666,0.8754830917874395,0.9156244003722075,0.6666666666666666,0.8754830917874395,0.9156244003722075
A,F,Frontier,@2,90,90,0,78,0.8666666666666667,0.962037037037037,0.9797888734072945,0.8666666666666667,0.962037037037037,0.9797888734072945
A,F,Frontier,@3,90,90,0,85,0.9444444444444444,0.9932367149758454,0.998184729500519,0.9444444444444444,0.9932367149758454,0.998184729500519
B,F,Frontier,@1,90,90,0,54,0.6,0.8388888888888889,0.8868352257139707,0.6,0.8388888888888889,0.8868352257139707
B,F,Frontier,@2,90,87,3,67,0.7444444444444445,0.9558922558922559,0.9641983226813094,0.7701149425287356,0.988854057819575,0.9974465407048029
B,F,Frontier,@3,90,89,1,72,0.8,0.9822390572390572,0.9882674738158927,0.8089887640449438,0.9932754511406198,0.9993716027351724
C,F,Frontier,@1,90,88,2,26,0.28888888888888886,0.7000669828256035,0.7654893935666526,0.29545454545454547,0.71597759607164,0.7828868797840766
C,F,Frontier,@2,90,85,3,39,0.43333333333333335,0.853848163330922,0.8991970055135351,0.4588235294117647,0.9040745258797996,0.9520909470143313
C,F,Frontier,@3,90,87,1,41,0.45555555555555555,0.8909419124936366,0.9372177512028451,0.47126436781609193,0.9216640474072103,0.9695356046925984
D,F,Frontier,@1,90,84,6,2,0.022222222222222223,0.5840201029906912,0.6589696761116854,0.023809523809523808,0.6257358246328835,0.7060389386910916
D,F,Frontier,@2,90,74,10,7,0.07777777777777778,0.6763517528223411,0.737202609912937,0.0945945945945946,0.8225899696487933,0.8965977688130314
D,F,Frontier,@3,90,74,10,11,0.12222222222222222,0.7431959298871064,0.7926589308767095,0.14864864864864866,0.9038869417545888,0.9640446456608629
