family,family_label,tier,round,expected_runs,evaluated_runs,failed_runs,full_pass_count,strict_full_pass_rate,strict_S_scen,strict_S_step,evaluated_full_pass_rate,evaluated_only_S_scen,evaluated_only_S_step
campus_registrar_command,Campus Registrar Command,A,@1,90,90,0,28,0.3111111111111111,0.5,0.5947738725119678,0.3111111111111111,0.5,0.5947738725119678
campus_registrar_command,Campus Registrar Command,A,@2,90,85,5,46,0.5111111111111111,0.6842592592592592,0.7544315318720081,0.5411764705882353,0.7245098039215686,0.7988098572762439
campus_registrar_command,Campus Registrar Command,A,@3,90,86,4,53,0.5888888888888889,0.7481481481481481,0.8128958805744521,0.6162790697674418,0.7829457364341085,0.8507049912988451
clinic_shift_command,Clinic Shift Command,A,@1,90,90,0,24,0.26666666666666666,0.5009661835748792,0.5956331168831168,0.26666666666666666,0.5009661835748792,0.5956331168831168
clinic_shift_command,Clinic Shift Command,A,@2,90,84,6,31,0.34444444444444444,0.5932367149758454,0.6849898420293157,0.36904761904761907,0.6356107660455487,0.7339176878885526
clinic_shift_command,Clinic Shift Command,A,@3,90,84,6,34,0.37777777777777777,0.6265700483091787,0.7180537043365991,0.40476190476190477,0.6713250517598344,0.7693432546463561
media_campaign_launch_desk,Media Campaign Launch Desk,A,@1,90,90,0,38,0.4222222222222222,0.5712962962962963,0.6419499647178218,0.4222222222222222,0.5712962962962963,0.6419499647178218
media_campaign_launch_desk,Media Campaign Launch Desk,A,@2,90,88,2,50,0.5555555555555556,0.675,0.7484216555049888,0.5681818181818182,0.6903409090909091,0.7654312385846477
media_campaign_launch_desk,Media Campaign Launch Desk,A,@3,90,88,2,57,0.6333333333333333,0.7273148148148147,0.7935708030946126,0.6477272727272727,0.7438446969696969,0.8116065031649448
campus_registrar_command,Campus Registrar Command,B,@1,90,90,0,31,0.34444444444444444,0.5101851851851852,0.6053243207409874,0.34444444444444444,0.5101851851851852,0.6053243207409874
campus_registrar_command,Campus Registrar Command,B,@2,90,83,7,47,0.5222222222222223,0.587037037037037,0.6686380440547107,0.5662650602409639,0.6365461847389559,0.7250292043966742
campus_registrar_command,Campus Registrar Command,B,@3,90,83,7,53,0.5888888888888889,0.6425925925925926,0.711928071928072,0.6385542168674698,0.6967871485943775,0.7719701984762225
clinic_shift_command,Clinic Shift Command,B,@1,90,90,0,14,0.15555555555555556,0.4922558922558923,0.5815342822161004,0.15555555555555556,0.4922558922558923,0.5815342822161004
clinic_shift_command,Clinic Shift Command,B,@2,90,77,13,20,0.2222222222222222,0.497979797979798,0.5803523875114784,0.2597402597402597,0.5820543093270366,0.6783339594290008
clinic_shift_command,Clinic Shift Command,B,@3,90,79,11,23,0.25555555555555554,0.52996632996633,0.6295819121955486,0.2911392405063291,0.603759110088224,0.7172452164253085
media_campaign_launch_desk,Media Campaign Launch Desk,B,@1,90,89,1,30,0.3333333333333333,0.4157407407407407,0.5126116984954414,0.33707865168539325,0.42041198501872656,0.5183713805010082
media_campaign_launch_desk,Media Campaign Launch Desk,B,@2,90,80,10,42,0.4666666666666667,0.5388888888888889,0.6022786011160303,0.525,0.60625,0.677563426255534
media_campaign_launch_desk,Media Campaign Launch Desk,B,@3,90,82,8,50,0.5555555555555556,0.6055555555555555,0.6641248064404964,0.6097560975609756,0.6646341463414634,0.7289174704834717
campus_registrar_command,Campus Registrar Command,C,@1,90,89,1,8,0.08888888888888889,0.3486590038314176,0.43135083574653516,0.0898876404494382,0.35257652072839984,0.43619747435042877
campus_registrar_command,Campus Registrar Command,C,@2,90,80,10,13,0.14444444444444443,0.4084291187739464,0.49532669612642344,0.1625,0.45948275862068966,0.5572425331422264
campus_registrar_command,Campus Registrar Command,C,@3,90,82,7,15,0.16666666666666666,0.4793103448275862,0.5699802920583289,0.18292682926829268,0.5260723296888141,0.6255881254298732
clinic_shift_command,Clinic Shift Command,C,@1,90,84,6,8,0.08888888888888889,0.30491452991452994,0.37813473667215586,0.09523809523809523,0.3266941391941392,0.405144360720167
clinic_shift_command,Clinic Shift Command,C,@2,90,65,23,8,0.08888888888888889,0.37008547008547005,0.4341668338070256,0.12307692307692308,0.5124260355029585,0.6011540775789584
clinic_shift_command,Clinic Shift Command,C,@3,90,69,19,8,0.08888888888888889,0.430982905982906,0.5150607693328144,0.11594202898550725,0.5621516164994426,0.6718183947819318
media_campaign_launch_desk,Media Campaign Launch Desk,C,@1,90,90,0,15,0.16666666666666666,0.4618686868686869,0.5565464111570554,0.16666666666666666,0.4618686868686869,0.5565464111570554
media_campaign_launch_desk,Media Campaign Launch Desk,C,@2,90,77,13,34,0.37777777777777777,0.5371212121212121,0.5901822343752317,0.44155844155844154,0.6278040141676505,0.6898233908281928
media_campaign_launch_desk,Media Campaign Launch Desk,C,@3,90,81,9,37,0.4111111111111111,0.6050505050505051,0.6717015287596521,0.4567901234567901,0.6722783389450055,0.7463350319551689
campus_registrar_command,Campus Registrar Command,D,@1,90,90,0,3,0.03333333333333333,0.37810457516339874,0.46909956905061856,0.03333333333333333,0.37810457516339874,0.46909956905061856
campus_registrar_command,Campus Registrar Command,D,@2,90,72,18,7,0.07777777777777778,0.3382352941176471,0.43383811100459485,0.09722222222222222,0.4227941176470588,0.5422976387557435
campus_registrar_command,Campus Registrar Command,D,@3,90,71,19,11,0.12222222222222222,0.35980392156862745,0.45337978830016207,0.15492957746478872,0.45608947804473904,0.5747067739016138
clinic_shift_command,Clinic Shift Command,D,@1,90,69,21,2,0.022222222222222223,0.31434343434343437,0.3750237724435868,0.028985507246376812,0.4100131752305666,0.48916144231772196
clinic_shift_command,Clinic Shift Command,D,@2,90,58,27,3,0.03333333333333333,0.38101010101010097,0.43614241300809553,0.05172413793103448,0.5912225705329154,0.6767727098401483
clinic_shift_command,Clinic Shift Command,D,@3,90,55,30,3,0.03333333333333333,0.40383838383838383,0.45113992013457305,0.05454545454545454,0.6608264462809917,0.7382289602202105
media_campaign_launch_desk,Media Campaign Launch Desk,D,@1,90,86,4,0,0.0,0.3560185185185185,0.4607963055673406,0.0,0.37257751937984496,0.48222869187279827
media_campaign_launch_desk,Media Campaign Launch Desk,D,@2,90,71,18,0,0.0,0.4252314814814815,0.5243667966297768,0.0,0.5390258215962441,0.664690305587041
media_campaign_launch_desk,Media Campaign Launch Desk,D,@3,90,77,12,0,0.0,0.5185185185185185,0.6169065051590933,0.0,0.6060606060606061,0.7210595514846545
