tier,round,expected_runs,evaluated_runs,failed_runs,full_pass_count,strict_full_pass_rate,strict_S_scen,strict_S_step,evaluated_full_pass_rate,evaluated_only_S_scen,evaluated_only_S_step
A,@1,270,270,0,90,0.3333333333333333,0.5240874932903918,0.6107856513709689,0.3333333333333333,0.5240874932903918,0.6107856513709689
A,@2,270,257,13,127,0.4703703703703704,0.6508319914117016,0.7292810098021042,0.49416342412451364,0.6837534540122934,0.7661707106870355
A,@3,270,258,12,144,0.5333333333333333,0.7006776704240473,0.7748401293352212,0.5581395348837209,0.7332673295135378,0.8108792051182547
B,@1,270,269,1,75,0.2777777777777778,0.4727272727272727,0.5664901004841765,0.2788104089219331,0.474484623183508,0.5685960116383927
B,@2,270,240,30,109,0.40370370370370373,0.5413019079685747,0.6170896775607398,0.45416666666666666,0.6089646464646464,0.6942258872558323
B,@3,270,244,26,126,0.4666666666666667,0.5927048260381593,0.6685449301880391,0.5163934426229508,0.6558618976651763,0.7397833243884038
C,@1,270,263,7,31,0.11481481481481481,0.37181407353821144,0.4553439945252488,0.11787072243346007,0.3817102656095707,0.46746341643276496
C,@2,270,222,46,55,0.2037037037037037,0.43854526699354285,0.5065585881028936,0.24774774774774774,0.533365865262417,0.61608476931433
C,@3,270,232,35,60,0.2222222222222222,0.505114585286999,0.5855808633835985,0.25862068965517243,0.5878488708081455,0.6814949703171189
D,@1,270,245,25,5,0.018518518518518517,0.34948884267511715,0.434973215687182,0.02040816326530612,0.3851509694787006,0.4793582376960781
D,@2,270,201,63,10,0.037037037037037035,0.3814922922030765,0.4647824402141557,0.04975124378109453,0.5124523328101027,0.6243346211831943
D,@3,270,203,61,14,0.05185185185185185,0.4273869413085099,0.5071420711979429,0.06896551724137931,0.568445685484225,0.6745239370613033
