tier,round,expected_runs,full_pass_count,strict_full_pass_rate,strict_S_scen,strict_S_step
A,@1,540,115,0.21296296296296297,0.460252281266774,0.5624718579343787
A,@2,540,169,0.31296296296296294,0.5605307300053676,0.6526731547564495
A,@3,540,200,0.37037037037037035,0.6114801395598498,0.6989742971274817
B,@1,540,86,0.15925925925925927,0.3998374550098688,0.5116610883387659
B,@2,540,140,0.25925925925925924,0.47678122218352104,0.5760190818510781
B,@3,540,175,0.32407407407407407,0.5168504973102674,0.6094175463223863
C,@1,540,38,0.07037037037037037,0.32770295513645264,0.4350765761402243
C,@2,540,76,0.14074074074074075,0.3931979742423887,0.48644386004505846
C,@3,540,92,0.17037037037037037,0.42656919130977605,0.5230055204610844
D,@1,540,10,0.018518518518518517,0.29393404163012005,0.3974245565791004
D,@2,540,21,0.03888888888888889,0.3296875559988305,0.4347547043180085
D,@3,540,38,0.07037037037037037,0.37084654021541275,0.47164006856551904
