path,bytes,sha256,note
README.md,2338,3deb2285eef6fbdc1da95ad59332a0f852eadac4a4e8cdf4e31f174918560b76,Pack documentation
alternatives/failure_evidence/01_stayflow_concierge_tier_a_wrong_state_transition.png,221303,b3b0eb62a80d14ec2fcc39b9642bb53c91e6045ffd1e13a8661d7bdf84a24b93,Annotated retained run failure evidence
alternatives/failure_evidence/02_stayflow_concierge_tier_a_route_persistence_drift.png,242647,dd15425a7625102b0bd6127bc55e2c5f0216e7a78dd9edb969375c75d17216c6,Annotated retained run failure evidence
alternatives/failure_evidence/03_stayflow_concierge_tier_a_rendered_projection_mismatch.png,391281,73f2f0e5c6700d989361e56fe68e4bed87c22b5cc7c88b6039d7c61db1f23988,Annotated retained run failure evidence
alternatives/failure_evidence/04_stayflow_concierge_tier_b_wrong_state_transition.png,187222,72fdbf9bce45e6ddda4e8b3c99dac34f660066ed6d744c648bda67b88948a6fd,Annotated retained run failure evidence
alternatives/failure_evidence/05_stayflow_concierge_tier_b_route_persistence_drift.png,351335,6f594b638d38d560c2fa143044017baba173f3e4e1ca974e318f5bbdf5598fd7,Annotated retained run failure evidence
alternatives/failure_evidence/06_stayflow_concierge_tier_b_rendered_projection_mismatch.png,352155,c7fba6b300d3b1b56368fb5ed4141540c89bcde5bafd0b4db2214266acbc1817,Annotated retained run failure evidence
alternatives/failure_evidence/07_stayflow_concierge_tier_c_wrong_state_transition.png,585111,6793bb16d9a8a2eefda05e2eec86d76559fc1ce83279b78c1d5a3db064594324,Annotated retained run failure evidence
alternatives/failure_evidence/08_stayflow_concierge_tier_c_route_persistence_drift.png,639878,021983dda9b020d4b50f82f0fc2a4c1720dcca011da2e7085ddb6863765c06a9,Annotated retained run failure evidence
alternatives/failure_evidence/09_stayflow_concierge_tier_c_rendered_projection_mismatch.png,253006,8bcc2c3b4e317de6a2b31ad9310efec3be9086a136875d58e4285c0f36184bf6,Annotated retained run failure evidence
alternatives/failure_evidence/10_freshcart_market_tier_a_wrong_state_transition.png,199989,9d3e565a2357a01e6078239e84dd717239eac8ee4ffd6b0041bab440aee73bc1,Annotated retained run failure evidence
alternatives/failure_evidence/11_freshcart_market_tier_a_route_persistence_drift.png,226230,4c980d2c78c9fd499e71cdf3e45650efe2f7a38b9701ed75920dd3d01acc4f3e,Annotated retained run failure evidence
alternatives/failure_evidence/12_freshcart_market_tier_a_rendered_projection_mismatch.png,232553,1cf60d24c4e7987a201e685dc284864e5abff3c4b4d2d105b328b2c5ea710229,Annotated retained run failure evidence
alternatives/failure_evidence/13_freshcart_market_tier_b_wrong_state_transition.png,340136,d45b89e84c9f7cc32937a67bef3b27e0938fa685e416f0e26b6ae84b9a7e51cd,Annotated retained run failure evidence
alternatives/failure_evidence/14_freshcart_market_tier_b_route_persistence_drift.png,335952,d009d5a69b7eed45ce8c6b97359ca33b35aaa0289afb65cabe3d5e1670f20787,Annotated retained run failure evidence
alternatives/failure_evidence/15_freshcart_market_tier_b_rendered_projection_mismatch.png,279099,01a787d6a4b98c41f5aac43ed1be9bbd3fcd5069c224619e73b09edd29c4ecfe,Annotated retained run failure evidence
alternatives/failure_evidence/16_freshcart_market_tier_c_wrong_state_transition.png,285539,e76fcfa42765cf1e901bbb1ed7a1848244bbce11d2751e3cb2c52584b6146584,Annotated retained run failure evidence
alternatives/failure_evidence/17_freshcart_market_tier_c_route_persistence_drift.png,352412,f5a33bb3134ba5b9ffee68dd77c92d714606210abc6c497d9410ee9b42638a79,Annotated retained run failure evidence
alternatives/failure_evidence/18_freshcart_market_tier_c_rendered_projection_mismatch.png,187935,8bc1c945d21ef0081e6ff3ad793a8124dec7f3d13437cd5678866e766f017f7f,Annotated retained run failure evidence
alternatives/failure_evidence/19_clinic_shift_command_tier_a_wrong_state_transition.png,235959,12555f0dd2a1adac69e62f28baf05068462410495f8ee17e16200d6d480fe431,Annotated retained run failure evidence
alternatives/failure_evidence/20_clinic_shift_command_tier_a_route_persistence_drift.png,257516,5d28937cd670a79554022f438bfef7dee6a9da38e0b402923c3378516634aba2,Annotated retained run failure evidence
alternatives/failure_evidence/21_clinic_shift_command_tier_a_rendered_projection_mismatch.png,288439,294ed7a413a1c826c54eeb78d02f75b19392e26bb42ac5884701735cc99651a8,Annotated retained run failure evidence
alternatives/failure_evidence/22_clinic_shift_command_tier_b_wrong_state_transition.png,215502,c2a7183ea85a3fb76e82d60442aa62dc9527285b9ebe9439f0a937d1dac8cec2,Annotated retained run failure evidence
alternatives/failure_evidence/23_clinic_shift_command_tier_b_route_persistence_drift.png,331551,203712cb6c795b0b04d174cfc4f5e9d6325b66d5ef19d2528571b89170418f73,Annotated retained run failure evidence
alternatives/failure_evidence/24_clinic_shift_command_tier_b_rendered_projection_mismatch.png,198837,c9d12a54ff7202fe590de75939a5f537d8f4a5cc1a3300626e9c1449db6c284f,Annotated retained run failure evidence
alternatives/failure_evidence/25_clinic_shift_command_tier_c_wrong_state_transition.png,328468,fc71a0cc7eb3231ee687f6d4d6369c1c826525cfeb4d04bd54005c3843d189a1,Annotated retained run failure evidence
alternatives/failure_evidence/26_clinic_shift_command_tier_c_route_persistence_drift.png,312038,d0239fcccc1e89bc17fa4105b48d2789f0a88cd70f90c05c49a3ea20abb4e98d,Annotated retained run failure evidence
alternatives/failure_evidence/27_clinic_shift_command_tier_c_rendered_projection_mismatch.png,324391,fdf37825079e12a799fe2ca6797aeeeff642642213c232dcf851ff990a717b57,Annotated retained run failure evidence
alternatives/failure_evidence/28_homefix_hub_tier_a_wrong_state_transition.png,437604,6a46f6c09430f976cef4c1a20baf874013a1309a5014f6ad67f6b5c101fd88a7,Annotated retained run failure evidence
alternatives/failure_evidence/29_homefix_hub_tier_a_route_persistence_drift.png,239085,4e01eff1bd62d26232becb4ff9202b7b64f00b7a2add3df114d5d7c8bb7c1d95,Annotated retained run failure evidence
alternatives/failure_evidence/30_homefix_hub_tier_a_rendered_projection_mismatch.png,199056,cb19f60cbfc8289325e719de49cbd867cf5bf0d618ff882dddb329d3aabdd1dd,Annotated retained run failure evidence
alternatives/failure_evidence/31_homefix_hub_tier_b_wrong_state_transition.png,174958,8d0f910da08a01b5a99a4ae43c17a9fe56c92a64c6c5bd48bc3cd80e57d2a127,Annotated retained run failure evidence
alternatives/failure_evidence/32_homefix_hub_tier_b_route_persistence_drift.png,265792,a53568c3f722f95570dd1ce8d546a4077ce72aad711c0ffbf1f339f4deda2b12,Annotated retained run failure evidence
alternatives/failure_evidence/33_homefix_hub_tier_b_rendered_projection_mismatch.png,190414,233899d448f1e4bc1a3abf3b027582676c38a0eb461a86472697703d3be6dc35,Annotated retained run failure evidence
alternatives/failure_evidence/34_homefix_hub_tier_c_wrong_state_transition.png,272641,4136d9289294b58879884ebbf7b08a4b028fe777ccfd890342bf2ef6f53e2d65,Annotated retained run failure evidence
alternatives/failure_evidence/35_homefix_hub_tier_c_route_persistence_drift.png,236348,73aebf8acd824465976538c42a1a64a92a1d3fbb89ff97cc046c5d4244779d82,Annotated retained run failure evidence
alternatives/failure_evidence/36_homefix_hub_tier_c_rendered_projection_mismatch.png,237885,9bf548f00fa963b52a397b3b683832e178e447fdea46cde2a610671270399e53,Annotated retained run failure evidence
alternatives/failure_evidence/37_homefix_hub_tier_d_wrong_state_transition.png,236153,b02710ca41dfff0dba5b7752866157639e04e7cf11da291e70b963032ede7fde,Annotated retained run failure evidence
alternatives/failure_evidence/38_homefix_hub_tier_d_route_persistence_drift.png,276078,8401fa9c3c42ef02283700cef5f47b0057b334646fadf7acb12cfa0c18db3fa2,Annotated retained run failure evidence
alternatives/failure_evidence/39_homefix_hub_tier_d_rendered_projection_mismatch.png,525462,87d7cb7839e521d1d1602aac66cd8f1827d1251280edf8675fa91ad60968b290,Annotated retained run failure evidence
alternatives/family_rows/01_stayflow_concierge.png,1937533,383e4ae6c08fee08d9089e51d8c4f5c893ea9675f1d3ec82a96842cdf3405bdc,A-D family screen composite from retained target/reference assets
alternatives/family_rows/02_freshcart_market.png,1538982,a706602b188d4c0b93ed9e70f249e5a274eaf648703682eb297ffd22515369ec,A-D family screen composite from retained target/reference assets
alternatives/family_rows/03_clinic_shift_command.png,2350849,b93e8605707f0f2b5a01850efdb5c2fd0068f611ad62550211b13c7da4377ad3,A-D family screen composite from retained target/reference assets
alternatives/family_rows/04_campus_registrar_command.png,2799631,23425264bb78c6afde42a7383bb5e9f30a0a40a09bc94e3b8e57cacffdf04143,A-D family screen composite from retained target/reference assets
alternatives/family_rows/05_media_campaign_launch_desk.png,2666018,0c4e6c753c6babee01e9c602646db0b5e9d8eac6c1e22f4f99743bf2f9b19698,A-D family screen composite from retained target/reference assets
alternatives/family_rows/06_homefix_hub.png,2259855,e4be304e0aeb511425f02cc6991d92b4c607f20106d2484eaf73d4dba71cd287,A-D family screen composite from retained target/reference assets
data/coverage_current756.csv,206,948fbb2bc341f839a3d95ed376c7290cdbfda7d000945190d4a452d60e2bc663,Recomputed from current local contract/private rows; Clinical A fallback excluded
ready_to_use/01_campus_family_complexity_a_to_d.png,2799631,23425264bb78c6afde42a7383bb5e9f30a0a40a09bc94e3b8e57cacffdf04143,A-D family screen composite from retained target/reference assets
ready_to_use/02_public_contract_private_scenario_coverage_current756.png,129717,29928a40a230b67aedecd7ab84c535227093c82fb96a9da735d418c3a85b7b8e,Recomputed from current local contract/private rows; Clinical A fallback excluded
ready_to_use/03_homefix_private_journey_actual_screens.png,384995,866e91ccff005070e471d42ae06d948e72cdd566eb3207a0e46e93b8d1ee2343,Generated from four passing retained browser frames and public contract labels
ready_to_use/04_private_step_public_declaration_witness.png,372994,164244c82aae75f21867add82746544ebac70abf739851cb2ce96843dddff7b8,Private-step to public-declaration witness for HomeFix Tier C
ready_to_use/05_failure_before_after_example.png,276078,8401fa9c3c42ef02283700cef5f47b0057b334646fadf7acb12cfa0c18db3fa2,Annotated retained run failure evidence
source_screens/homefix_tier_c_1_004-after.png,72208,6b983f2779fc44b93136efa4341315080bfbdef9f55c3835fff3c30991c87534,Raw browser frame from a passing retained HomeFix Tier C private journey
source_screens/homefix_tier_c_2_012-after.png,78674,43c04fd85774cfddfa42d4be4a05d89c501cb0488d9b8ae8dba5f85a13b6f27b,Raw browser frame from a passing retained HomeFix Tier C private journey
source_screens/homefix_tier_c_3_022-after.png,77706,bc0fa116d58abd223399175ef7a6f4d20be6dd393a8c99e9e16041f5df8d5ca6,Raw browser frame from a passing retained HomeFix Tier C private journey
source_screens/homefix_tier_c_4_032-after.png,108810,2f296378302c2d16b79dd5512bdfe8af6c5cc0e38ade47cebd897ea1d2ee3168,Raw browser frame from a passing retained HomeFix Tier C private journey
